Column,Row,Name
1,10,Y72 
1,13,Y90 
1,16,Y108 
1,34,Y233 
1,37,Y251
1,40,Y269 
1,43,Y287 
1,61,Y412 
1,62,R840 
1,63,B12
1,64,Y430 
1,65,R848 
1,67,Y448 
1,85,Y573 
1,88,Y591
1,91,Y609 
1,94,Y627 
1,112,Y752 
1,115,Y770 
1,118,Y788
2,0,Y1 
2,18,Y126 
2,21,Y144 
2,24,Y162 
2,45,Y305
2,48,Y323 
2,51,Y341 
2,59,B15 
2,61,R814 
2,65,B28
2,67,R841 
2,68,B42 
2,69,Y466 
2,72,Y484 
2,75,Y502
2,96,Y645 
2,99,Y663 
2,102,Y681 
2,120,Y806 
2,123,Y824
2,126,Y842 
3,2,Y19 
3,5,Y37 
3,8,Y55 
3,26,Y180
3,29,Y198 
3,32,Y216 
3,35,Y234 
3,52,B3 
3,53,Y359
3,56,Y377 
3,58,B25 
3,59,Y395 
3,61,B31 
3,63,R803
3,66,R813 
3,67,B57 
3,69,R825 
3,70,B65 
3,75,R843
3,77,Y520 
3,80,Y538 
3,83,Y556 
3,86,Y574 
3,104,Y699
3,107,Y717 
3,110,Y735 
4,10,Y73 
4,13,Y91 
4,16,Y109
4,19,Y127 
4,37,Y252 
4,40,Y270 
4,43,Y288 
4,48,B5
4,51,B14 
4,53,R760 
4,54,B26 
4,57,B37 
4,59,R774
4,61,Y413 
4,62,R790 
4,63,B58 
4,64,Y431 
4,65,R802
4,66,B66 
4,67,Y449 
4,68,R804 
4,69,B73 
4,70,Y467
4,71,R815 
4,74,R827 
4,75,B99 
4,77,R842 
4,78,B105
4,80,R846 
4,88,Y592 
4,91,Y610 
4,94,Y628 
4,112,Y753
4,115,Y771 
4,118,Y789 
4,121,Y807 
5,0,Y2 
5,21,Y145
5,24,Y163 
5,27,Y181 
5,43,R704 
5,44,B8 
5,45,Y306
5,46,R719 
5,48,Y324 
5,49,R728 
5,50,B32 
5,51,Y342
5,53,B40 
5,55,R745 
5,58,R755 
5,59,B64 
5,61,R766
5,65,B81 
5,67,R784 
5,68,B93 
5,72,Y485 
5,73,R808
5,75,Y503 
5,76,R816 
5,78,Y521 
5,79,R824 
5,80,B129
5,82,R835 
5,85,R850 
5,96,Y646 
5,99,Y664 
5,102,Y682
5,123,Y825 
5,126,Y843 
6,2,Y20 
6,5,Y38 
6,8,Y56
6,11,Y74 
6,29,Y199 
6,32,Y217 
6,35,Y235 
6,39,R679
6,40,B9 
6,43,B22 
6,48,R705 
6,49,B44 
6,51,R721
6,52,B50 
6,53,Y360 
6,54,R729 
6,55,B59 
6,56,Y378
6,59,Y396 
6,60,R748 
6,61,B86 
6,62,Y414 
6,64,B89
6,66,R769 
6,69,R776 
6,70,B114 
6,72,R785 
6,75,R800
6,76,B134 
6,78,R807 
6,79,B139 
6,80,Y539 
6,81,R823
6,82,B149 
6,83,Y557 
6,84,R829 
6,85,B162 
6,86,Y575
6,87,R838 
6,90,R851 
6,104,Y700 
6,107,Y718 
6,110,Y736
6,113,Y754 
7,13,Y92 
7,16,Y110 
7,19,Y128 
7,33,B10
7,35,R645 
7,36,B13 
7,37,Y253 
7,38,R663 
7,40,Y271
7,41,R666 
7,42,B33 
7,43,Y289 
7,46,Y307 
7,47,R686
7,48,B56 
7,51,B68 
7,56,R715 
7,57,B83 
7,59,R726
7,62,R739 
7,63,B102 
7,64,Y432 
7,66,B115 
7,67,Y450
7,70,Y468 
7,74,R777 
7,75,B144 
7,77,R787 
7,78,B155
7,80,R795 
7,81,B167 
7,84,B177 
7,86,R822 
7,87,B183
7,88,Y593 
7,89,R832 
7,91,Y611 
7,94,Y629 
7,95,R845
7,97,Y647 
7,115,Y772 
7,118,Y790 
7,121,Y808 
8,0,Y3
8,3,Y21 
8,21,Y146 
8,24,Y164 
8,27,Y182 
8,29,B7
8,32,B20 
8,37,R643 
8,38,B36 
8,41,B47 
8,48,Y325
8,49,R683 
8,50,B77 
8,51,Y343 
8,53,B87 
8,54,Y361
8,55,R699 
8,56,B95 
8,59,B106 
8,61,R718 
8,64,R727
8,67,R738 
8,68,B141 
8,72,Y486 
8,73,R759 
8,75,Y504
8,77,B165 
8,78,Y522 
8,79,R783 
8,80,B182 
8,83,B185
8,85,R798 
8,88,R809 
8,92,B217 
8,94,R826 
8,95,B228
8,97,R836 
8,98,B236 
8,99,Y665 
8,102,Y683 
8,105,Y701
8,123,Y826 
8,126,Y844 
9,5,Y39 
9,8,Y57 
9,11,Y75
9,24,R577 
9,25,B11 
9,28,B23 
9,29,Y200 
9,31,B35
9,32,Y218 
9,33,R610 
9,34,B39 
9,35,Y236 
9,37,B48
9,38,Y254 
9,42,R644 
9,43,B75 
9,51,R669 
9,52,B101
9,54,R678 
9,56,Y379 
9,58,B123 
9,59,Y397 
9,62,Y415
9,64,B138 
9,66,R717 
9,67,B153 
9,70,B164 
9,72,R741
9,75,R746 
9,76,B181 
9,78,R756 
9,79,B196 
9,80,Y540
9,81,R770 
9,83,Y558 
9,84,R779 
9,86,Y576 
9,87,R786
9,88,B220 
9,89,Y594 
9,90,R797 
9,93,R806 
9,94,B238
9,96,R818 
9,99,R831 
9,100,B261 
9,102,R837 
9,103,B271
9,105,R849 
9,107,Y719 
9,110,Y737 
9,113,Y755 
10,13,Y93
10,16,Y111 
10,18,B2 
10,19,Y129 
10,20,R554 
10,22,Y147
10,24,B21 
10,26,R571 
10,30,B43 
10,38,R607 
10,40,Y272
10,42,B84 
10,43,Y290 
10,45,B92 
10,46,Y308 
10,47,R638
10,48,B104 
10,50,R647 
10,53,R661 
10,54,B121 
10,57,B130
10,59,R682 
10,60,B140 
10,62,R690 
10,63,B154 
10,64,Y433
10,65,R702 
10,67,Y451 
10,68,R710 
10,69,B174 
10,70,Y469
10,72,B184 
10,73,Y487 
10,75,B193 
10,78,B200 
10,80,R750
10,81,B210 
10,83,R757 
10,84,B223 
10,90,B244 
10,91,Y612
10,92,R794 
10,94,Y630 
10,95,R801 
10,97,Y648 
10,99,B270
10,101,R819 
10,102,B284 
10,105,B292 
10,110,R847 
10,115,Y773
10,118,Y791 
10,121,Y809 
10,124,Y827 
11,0,Y4 
11,3,Y22
11,14,B4 
11,17,B17 
11,20,B29 
11,22,R541 
11,23,B38
11,24,Y165 
11,25,R551 
11,27,Y183 
11,29,B55 
11,30,Y201
11,32,B63 
11,34,R580 
11,37,R590 
11,41,B97 
11,44,B103
11,47,B117 
11,48,Y326 
11,51,Y344 
11,52,R640 
11,54,Y362
11,59,B156 
11,61,R675 
11,62,B166 
11,67,R687 
11,70,R697
11,73,R707 
11,74,B204 
11,75,Y505 
11,77,B219 
11,78,Y523
11,79,R733 
11,81,Y541 
11,82,R743 
11,85,R749 
11,86,B251
11,89,B258 
11,91,R771 
11,92,B266 
11,94,R782 
11,95,B273
11,97,R791 
11,98,B290 
11,99,Y666 
11,100,R799 
11,101,B299
11,102,Y684 
11,103,R810 
11,105,Y702 
11,109,R834 
11,126,Y845
12,5,Y40 
12,8,Y58 
12,9,R482 
12,10,B6 
12,11,Y76
12,12,R490 
12,13,B18 
12,14,Y94 
12,15,R500 
12,16,B27
12,19,B41 
12,22,B49 
12,28,B69 
12,30,R548 
12,31,B76
12,32,Y219 
12,33,R565 
12,35,Y237 
12,38,Y255 
12,40,B107
12,43,B119 
12,52,B148 
12,54,R629 
12,55,B158 
12,56,Y380
12,58,B168 
12,59,Y398 
12,61,B180 
12,62,Y416 
12,63,R659
12,65,Y434 
12,66,R668 
12,76,B232 
12,79,B240 
12,81,R720
12,83,Y559 
12,84,R736 
12,85,B263 
12,86,Y577 
12,88,B267
12,89,Y595 
12,91,B279 
12,93,R758 
12,96,R768 
12,97,B296
12,100,B307 
12,102,R789 
12,106,B330 
12,107,Y720 
12,108,R812
12,109,B337 
12,110,Y738 
12,111,R821 
12,113,Y756 
12,114,R830
12,115,B358 
12,116,Y774 
12,117,R839 
12,118,B371 
13,6,B16
13,8,R460 
13,9,B19 
13,14,R480 
13,15,B46 
13,16,Y112
13,18,B53 
13,19,Y130 
13,21,B62 
13,22,Y148 
13,23,R512
13,24,B71 
13,26,R521 
13,27,B79 
13,33,B100 
13,36,B110
13,39,B120 
13,40,Y273 
13,41,R573 
13,43,Y291 
13,46,Y309
13,48,B151 
13,49,Y327 
13,50,R599 
13,59,R634 
13,60,B197
13,62,R646 
13,63,B203 
13,65,R652 
13,67,Y452 
13,70,Y470
13,71,R672 
13,72,B237 
13,73,Y488 
13,75,B239 
13,77,R693
13,83,R709 
13,86,R725 
13,87,B280 
13,91,Y613 
13,92,R744
13,93,B301 
13,94,Y631 
13,97,Y649 
13,98,R763 
13,99,B320
13,100,Y667 
13,104,R778 
13,105,B344 
13,107,R788 
13,118,Y792
13,119,R828 
13,121,Y810 
13,124,Y828 
14,0,Y5 
14,1,R422
14,3,Y23 
14,5,B24 
14,6,Y41 
14,8,B34 
14,10,R449
14,11,B45 
14,14,B52 
14,20,B72 
14,24,Y166 
14,25,R505
14,26,B98 
14,27,Y184 
14,30,Y202 
14,31,R524 
14,32,B112
14,35,B128 
14,38,B133 
14,44,B160 
14,49,R581 
14,50,B178
14,51,Y345 
14,52,R593 
14,53,B190 
14,54,Y363 
14,55,R600
14,56,B194 
14,57,Y381 
14,59,B205 
14,61,R622 
14,62,B213
14,64,R632 
14,65,B229 
14,70,R655 
14,73,R660 
14,75,Y506
14,76,R671 
14,78,Y524 
14,80,B272 
14,81,Y542 
14,82,R696
14,83,B282 
14,85,R706 
14,86,B297 
14,89,B305 
14,92,B312
14,94,R732 
14,95,B326 
14,97,R740 
14,100,R753 
14,102,Y685
14,103,R767 
14,104,B353 
14,105,Y703 
14,106,R775 
14,108,Y721
14,109,R780 
14,112,R796 
14,118,R811 
14,124,R833 
14,126,Y846
14,127,R844 
15,1,B30 
15,3,R412 
15,6,R426 
15,7,B51
15,8,Y59 
15,9,R431 
15,10,B60 
15,11,Y77 
15,13,B70
15,14,Y95 
15,15,R451 
15,16,B82 
15,19,B90 
15,21,R472
15,24,R487 
15,25,B113 
15,27,R489 
15,28,B116 
15,30,R503
15,31,B126 
15,32,Y220 
15,34,B136 
15,35,Y238 
15,36,R519
15,38,Y256 
15,39,R532 
15,41,Y274 
15,42,R539 
15,43,B173
15,45,R552 
15,48,R560 
15,49,B189 
15,51,R570 
15,57,R597
15,58,B222 
15,59,Y399 
15,61,B227 
15,62,Y417 
15,64,B235
15,65,Y435 
15,66,R621 
15,73,B265 
15,76,B278 
15,81,R676
15,83,Y560 
15,85,B313 
15,86,Y578 
15,87,R689 
15,88,B321
15,89,Y596 
15,92,Y614 
15,99,R730 
15,102,R742 
15,103,B366
15,105,R752 
15,108,R762 
15,110,Y739 
15,112,B402 
15,113,Y757
15,114,R781 
15,116,Y775 
15,117,R793 
15,123,R817 
15,126,R820
16,3,B54 
16,9,B67 
16,11,R420 
16,12,B85 
16,15,B88
16,16,Y113 
16,17,R445 
16,19,Y131 
16,21,B111 
16,22,Y149
16,24,B122 
16,25,Y167 
16,33,B147 
16,35,R508 
16,38,R516
16,39,B171 
16,43,Y292 
16,45,B187 
16,46,Y310 
16,47,R547
16,49,Y328 
16,50,R556 
16,51,B212 
16,53,R562 
16,54,B218
16,59,R582 
16,60,B243 
16,62,R598 
16,66,B257 
16,67,Y453
16,69,B268 
16,70,Y471 
16,73,Y489 
16,74,R635 
16,76,Y507
16,78,B303 
16,80,R653 
16,86,R670 
16,92,R694 
16,93,B354
16,94,Y632 
16,97,Y650 
16,98,R714 
16,99,B372 
16,100,Y668
16,101,R724 
16,104,R737 
16,105,B393 
16,107,R747 
16,113,R761
16,116,R773 
16,117,B431 
16,118,Y793 
16,121,Y811 
16,122,R792
16,124,Y829 
16,125,R805 
16,127,Y847 
17,0,Y6 
17,1,R374
17,2,B61 
17,3,Y24 
17,5,B74 
17,6,Y42 
17,8,B80
17,11,B94 
17,13,R411 
17,19,R433 
17,20,B127 
17,22,R440
17,25,R458 
17,26,B145 
17,27,Y185 
17,28,R467 
17,29,B152
17,30,Y203 
17,31,R470 
17,33,Y221 
17,35,B175 
17,40,R506
17,41,B191 
17,44,B207 
17,49,R533 
17,50,B221 
17,51,Y346
17,53,B233 
17,54,Y364 
17,57,Y382 
17,58,R566 
17,59,B252
17,64,R585 
17,65,B276 
17,68,B287 
17,73,R612 
17,74,B302
17,78,Y525 
17,79,R630 
17,81,Y543 
17,82,R648 
17,83,B338
17,84,Y561 
17,85,R658 
17,89,B352 
17,94,R681 
17,95,B378
17,97,R692 
17,98,B387 
17,101,B391 
17,102,Y686 
17,103,R713
17,105,Y704 
17,108,Y722 
17,115,R751 
17,118,R765 
17,121,R772
17,122,B466 
17,125,B473 
18,1,B78 
18,4,B91 
18,8,Y60
18,9,R384 
18,10,B108 
18,11,Y78 
18,12,R395 
18,13,B118
18,14,Y96 
18,17,Y114 
18,19,B135 
18,22,B143 
18,24,R435
18,28,B163 
18,35,Y239 
18,37,B198 
18,38,Y257 
18,39,R481
18,40,B208 
18,41,Y275 
18,48,R515 
18,49,B241 
18,51,R528
18,54,R537 
18,55,B255 
18,59,Y400 
18,60,R555 
18,61,B274
18,62,Y418 
18,63,R561 
18,64,B285 
18,65,Y436 
18,66,R576
18,68,Y454 
18,69,R586 
18,70,B311 
18,72,R594 
18,73,B316
18,75,R606 
18,76,B325 
18,84,R636 
18,85,B355 
18,86,Y579
18,88,B364 
18,89,Y597 
18,92,Y615 
18,93,R662 
18,96,R673
18,97,B394 
18,103,B413 
18,105,R701 
18,108,R711 
18,109,B434
18,110,Y740 
18,111,R723 
18,112,B446 
18,113,Y758 
18,114,R731
18,116,Y776 
18,119,Y794 
18,120,R754 
18,123,R764 
18,124,B485
18,127,B494 
19,1,Y7 
19,3,B96 
19,8,R364 
19,12,B132
19,18,B146 
19,19,Y132 
19,20,R402 
19,21,B159 
19,22,Y150
19,24,B172 
19,25,Y168 
19,27,B179 
19,30,B192 
19,32,R447
19,33,B201 
19,35,R457 
19,38,R469 
19,43,Y293 
19,45,B242
19,46,Y311 
19,47,R494 
19,49,Y329 
19,50,R501 
19,52,Y347
19,53,R511 
19,60,B291 
19,62,R543 
19,65,R553 
19,68,R564
19,70,Y472 
19,71,R574 
19,73,Y490 
19,76,Y508 
19,80,R608
19,84,B370 
19,86,R624 
19,87,B377 
19,94,Y633 
19,97,Y651
19,100,Y669 
19,101,R677 
19,102,B427 
19,103,Y687 
19,105,B436
19,107,R691 
19,113,R716 
19,114,B474 
19,117,B476 
19,119,R735
19,121,Y812 
19,124,Y830 
19,126,B513 
19,127,Y848 
20,1,R328
20,2,B109 
20,3,Y25 
20,4,R332 
20,5,B125 
20,6,Y43
20,8,B131 
20,9,Y61 
20,10,R360 
20,11,B142 
20,14,B150
20,17,B161 
20,19,R389 
20,23,B186 
20,25,R405 
20,27,Y186
20,30,Y204 
20,33,Y222 
20,35,B225 
20,37,R444 
20,40,R454
20,46,R473 
20,49,R483 
20,50,B269 
20,53,B281 
20,54,Y365
20,57,Y383 
20,60,Y401 
20,62,B310 
20,67,R550 
20,74,B357
20,77,B359 
20,78,Y526 
20,79,R584 
20,80,B376 
20,81,Y544
20,83,B379 
20,84,Y562 
20,85,R604 
20,88,R620 
20,91,R628
20,98,B435 
20,104,B449 
20,105,Y705 
20,108,Y723 
20,111,Y741
20,112,R695 
20,113,B481 
20,116,B489 
20,118,R712 
20,122,B511
20,124,R734 
21,1,B124 
21,4,B137 
21,10,B157 
21,11,Y79
21,13,B169 
21,14,Y97 
21,17,Y115 
21,22,B195 
21,24,R387
21,25,B202 
21,28,B215 
21,33,R415 
21,35,Y240 
21,36,R427
21,37,B246 
21,38,Y258 
21,40,B256 
21,41,Y276 
21,42,R443
21,44,Y294 
21,46,B275 
21,49,B283 
21,51,R474 
21,55,B308
21,57,R499 
21,58,B319 
21,60,R504 
21,61,B328 
21,62,Y419
21,64,B340 
21,65,Y437 
21,66,R523 
21,67,B342 
21,68,Y455
21,78,R569 
21,85,B407 
21,86,Y580 
21,87,R592 
21,88,B418
21,89,Y598 
21,92,Y616 
21,93,R619 
21,94,B437 
21,95,Y634
21,96,R623 
21,99,R633 
21,105,R657 
21,106,B477 
21,108,R667
21,112,B499 
21,113,Y759 
21,114,R684 
21,115,B504 
21,116,Y777
21,117,R700 
21,119,Y795 
21,120,R703 
21,124,B540 
21,126,R722
22,1,Y8 
22,8,R316 
22,12,B176 
22,17,R345 
22,19,Y133
22,21,B211 
22,22,Y151 
22,25,Y169 
22,28,Y187 
22,29,R383
22,30,B234 
22,32,R398 
22,35,R408 
22,38,R419 
22,44,R437
22,46,Y312 
22,47,R446 
22,48,B300 
22,49,Y330 
22,52,Y348
22,54,B318 
22,56,R476 
22,69,B369 
22,70,Y473 
22,73,Y491
22,74,R540 
22,76,Y509 
22,79,Y527 
22,81,B404 
22,87,B428
22,89,R583 
22,95,R605 
22,96,B456 
22,97,Y652 
22,98,R613
22,100,Y670 
22,101,R627 
22,102,B480 
22,103,Y688 
22,107,R651
22,108,B501 
22,110,R654 
22,111,B506 
22,113,R664 
22,114,B522
22,116,R674 
22,117,B530 
22,119,R685 
22,121,Y813 
22,122,R698
22,123,B548 
22,124,Y831 
22,125,R708 
22,127,Y849 
23,3,Y26
23,4,R284 
23,6,Y44 
23,9,Y62 
23,13,R314 
23,16,R324
23,17,B209 
23,23,B230 
23,25,R356 
23,29,B249 
23,30,Y205
23,31,R375 
23,32,B259 
23,33,Y223 
23,36,Y241 
23,43,R418
23,53,B334 
23,54,Y366 
23,55,R453 
23,56,B345 
23,57,Y384
23,60,Y402 
23,61,R477 
23,68,B380 
23,76,R530 
23,77,B408
23,81,Y545 
23,84,Y563 
23,87,Y581 
23,88,R563 
23,92,B460
23,94,R587 
23,95,B470 
23,97,R601 
23,100,R609 
23,101,B491
23,103,R618 
23,104,B505 
23,105,Y706 
23,107,B512 
23,108,Y724
23,109,R639 
23,111,Y742 
23,116,B537 
23,119,B549 
23,121,R680
23,124,R688 
24,1,B170 
24,3,R267 
24,4,B188 
24,6,R275
24,9,R288 
24,10,B206 
24,11,Y80 
24,12,R294 
24,14,Y98
24,17,Y116 
24,18,R319 
24,20,Y134 
24,24,R338 
24,25,B253
24,28,B260 
24,37,B298 
24,38,Y259 
24,39,R392 
24,41,Y277
24,42,R399 
24,43,B315 
24,44,Y295 
24,45,R409 
24,48,R416
24,49,B335 
24,54,R442 
24,61,B373 
24,62,Y420 
24,63,R465
24,65,Y438 
24,68,Y456 
24,71,Y474 
24,72,R496 
24,73,B414
24,76,B421 
24,78,R520 
24,84,R536 
24,85,B452 
24,89,Y599
24,92,Y617 
24,95,Y635 
24,97,B492 
24,102,R602 
24,103,B514
24,108,R617 
24,109,B534 
24,111,R626 
24,113,Y760 
24,114,R642
24,116,Y778 
24,117,R649 
24,119,Y796 
24,122,Y814 
24,123,R665
24,124,B581 
25,1,Y9 
25,3,B199 
25,4,Y27 
25,9,B214
25,12,B226 
25,14,R289 
25,17,R296 
25,18,B245 
25,20,R308
25,22,Y152 
25,23,R315 
25,25,Y170 
25,28,Y188 
25,32,R347
25,33,B294 
25,38,R368 
25,41,R378 
25,46,Y313 
25,49,Y331
25,52,Y349 
25,55,Y367 
25,57,B381 
25,59,R438 
25,63,B401
25,66,B405 
25,73,Y492 
25,75,B440 
25,76,Y510 
25,78,B447
25,79,Y528 
25,81,B454 
25,84,B469 
25,86,R529 
25,89,R534
25,92,R545 
25,93,B493 
25,97,Y653 
25,98,R568 
25,100,Y671
25,102,B528 
25,103,Y689 
25,104,R591 
25,106,Y707 
25,107,R595
25,108,B543 
25,110,R611 
25,111,B556 
25,113,R614 
25,114,B569
25,116,R625 
25,117,B573 
25,119,R641 
25,120,B586 
25,122,R650
25,124,Y832 
25,125,R656 
25,126,B606 
25,127,Y850 
26,5,B216
26,6,Y45 
26,7,R251 
26,9,Y63 
26,12,Y81 
26,14,B247
26,19,R287 
26,26,B289 
26,30,Y206 
26,33,Y224 
26,34,R341
26,36,Y242 
26,38,B327 
26,44,B347 
26,47,B363 
26,49,R390
26,50,B368 
26,57,Y385 
26,59,B397 
26,60,Y403 
26,61,R430
26,63,Y421 
26,68,B426 
26,70,R461 
26,76,R479 
26,79,R493
26,81,Y546 
26,82,R497 
26,84,Y564 
26,86,B488 
26,87,Y582
26,95,B519 
26,97,R546 
26,101,B544 
26,106,R575 
26,107,B560
26,108,Y725 
26,110,B571 
26,111,Y743 
26,114,Y761 
26,116,B593
26,118,R615 
26,121,R631 
26,124,R637 
27,1,B224 
27,3,R216
27,4,B231 
27,10,B250 
27,12,R252 
27,13,B264 
27,14,Y99
27,15,R262 
27,16,B277 
27,17,Y117 
27,20,Y135 
27,21,R278
27,28,B317 
27,34,B331 
27,38,Y260 
27,39,R340 
27,40,B349
27,41,Y278 
27,43,B362 
27,44,Y296 
27,45,R357 
27,47,Y314
27,51,R381 
27,54,R393 
27,55,B406 
27,57,R397 
27,58,B416
27,60,R406 
27,65,Y439 
27,67,B445 
27,68,Y457 
27,70,B453
27,71,Y475 
27,82,B496 
27,89,Y600 
27,91,B520 
27,92,Y618
27,94,B529 
27,95,Y636 
27,96,R525 
27,98,Y654 
27,103,B564
27,105,R557 
27,108,R567 
27,111,R578 
27,116,Y779 
27,117,R603
27,118,B612 
27,119,Y797 
27,122,Y815 
27,123,R616 
27,124,B632
27,127,B643 
28,1,Y10 
28,2,R204 
28,3,B248 
28,4,Y28
28,5,R212 
28,8,R224 
28,9,B262 
28,14,R242 
28,15,B288
28,17,R250 
28,18,B293 
28,22,Y153 
28,23,R268 
28,24,B314
28,25,Y171 
28,27,B323 
28,28,Y189 
28,30,B332 
28,31,Y207
28,35,R311 
28,39,B361 
28,41,R327 
28,42,B375 
28,45,B384
28,49,Y332 
28,50,R361 
28,51,B409 
28,52,Y350 
28,54,B415
28,55,Y368 
28,56,R380 
28,57,B423 
28,59,R386 
28,60,B439
28,62,R401 
28,66,B459 
28,68,R424 
28,69,B468 
28,71,R428
28,73,Y493 
28,75,B487 
28,76,Y511 
28,79,Y529 
28,80,R464
28,82,Y547 
28,84,B515 
28,87,B527 
28,95,R507 
28,96,B552
28,98,R518 
28,100,Y672 
28,101,R526 
28,102,B579 
28,103,Y690
28,106,Y708 
28,110,R559 
28,111,B602 
28,114,B616 
28,119,R589
28,120,B636 
28,124,Y833 
28,126,B657 
28,127,Y851 
29,2,B254
29,4,R187 
29,6,Y46 
29,9,Y64 
29,11,B286 
29,12,Y82
29,17,B309 
29,19,R237 
29,33,Y225 
29,36,Y243 
29,37,R305
29,39,Y261 
29,41,B389 
29,43,R322 
29,44,B396 
29,46,R335
29,47,B410 
29,49,R343 
29,53,B432 
29,56,B438 
29,57,Y386
29,60,Y404 
29,63,Y422 
29,70,R407 
29,77,B507 
29,83,B525
29,84,Y565 
29,85,R456 
29,87,Y583 
29,88,R466 
29,90,Y601
29,92,B558 
29,94,R492 
29,101,B584 
29,104,B599 
29,107,B609
29,108,Y726 
29,109,R542 
29,111,Y744 
29,113,B627 
29,114,Y762
29,118,R572 
29,122,B660 
29,124,R588 
29,127,R596 
30,6,R184
30,7,B295 
30,12,R197 
30,14,Y100 
30,15,R215 
30,17,Y118
30,19,B329 
30,20,Y136 
30,22,B343 
30,23,Y154 
30,24,R238
30,30,R260 
30,31,B367 
30,33,R272 
30,34,B382 
30,36,R282
30,40,B399 
30,41,Y279 
30,42,R300 
30,44,Y297 
30,47,Y315
30,57,R354 
30,61,B472 
30,64,B479 
30,65,Y440 
30,68,Y458
30,69,R394 
30,70,B500 
30,71,Y476 
30,73,B508 
30,74,Y494
30,76,B524 
30,88,B557 
30,90,R463 
30,91,B568 
30,92,Y619
30,93,R475 
30,94,B578 
30,95,Y637 
30,96,R485 
30,97,B589
30,98,Y655 
30,99,R488 
30,100,B600 
30,106,B622 
30,108,R517
30,109,B630 
30,111,R527 
30,114,R538 
30,116,Y780 
30,117,R549
30,118,B664 
30,119,Y798 
30,120,R558 
30,121,B668 
30,122,Y816
30,125,Y834 
30,126,R579 
31,1,Y11 
31,2,R152 
31,4,Y29
31,5,R161 
31,6,B306 
31,7,Y47 
31,11,R179 
31,12,B322
31,14,R189 
31,15,B333 
31,17,R198 
31,18,B346 
31,20,R207
31,23,R217 
31,25,Y172 
31,28,Y190 
31,31,Y208 
31,33,B390
31,35,R258 
31,36,B400 
31,41,R277 
31,42,B422 
31,44,R293
31,45,B430 
31,47,R303 
31,48,B441 
31,49,Y333 
31,50,R310
31,51,B458 
31,52,Y351 
31,54,B465 
31,55,Y369 
31,58,Y387
31,60,B483 
31,65,R358 
31,66,B502 
31,68,R370 
31,69,B510
31,71,R377 
31,74,R396 
31,76,Y512 
31,79,Y530 
31,82,Y548
31,83,R423 
31,84,B562 
31,90,B585 
31,93,B592 
31,99,B615
31,100,Y673 
31,103,Y691 
31,104,R491 
31,105,B631 
31,106,Y709
31,107,R502 
31,108,B642 
31,109,Y727 
31,110,R509 
31,111,B652
31,116,R535 
31,120,B680 
31,126,B704 
31,127,Y852 
32,2,B304
32,4,R139 
32,7,R148 
32,9,Y65 
32,10,R159 
32,11,B339
32,12,Y83 
32,13,R173 
32,14,B348 
32,15,Y101 
32,16,R182
32,17,B356 
32,19,R192 
32,20,B365 
32,22,R203 
32,26,B388
32,28,R225 
32,29,B398 
32,33,Y226 
32,34,R241 
32,36,Y244
32,37,R253 
32,39,Y262 
32,44,B443 
32,50,B467 
32,52,R306
32,53,B478 
32,56,B484 
32,60,Y405 
32,63,Y423 
32,66,Y441
32,67,R348 
32,70,R366 
32,71,B539 
32,73,R376 
32,77,B553
32,79,R391 
32,80,B570 
32,83,B574 
32,84,Y566 
32,87,Y584
32,89,B595 
32,90,Y602 
32,92,B603 
32,95,B614 
32,100,R459
32,104,B644 
32,109,R495 
32,110,B663 
32,111,Y745 
32,114,Y763
32,115,R513 
32,117,Y781 
32,119,B698 
32,124,R544 
33,1,B324
33,3,R125 
33,7,B336 
33,10,B350 
33,12,R156 
33,17,Y119
33,19,B383 
33,20,Y137 
33,22,B385 
33,23,Y155 
33,28,B411
33,30,R209 
33,33,R218 
33,34,B429 
33,39,R239 
33,40,B450
33,41,Y280 
33,43,B462 
33,44,Y298 
33,45,R263 
33,47,Y316
33,48,R274 
33,50,Y334 
33,51,R285 
33,54,R295 
33,55,B495
33,63,R326 
33,64,B533 
33,67,B535 
33,68,Y459 
33,69,R344
33,70,B545 
33,71,Y477 
33,72,R350 
33,73,B559 
33,74,Y495
33,76,B565 
33,81,R379 
33,87,R404 
33,88,B608 
33,90,R410
33,92,Y620 
33,95,Y638 
33,97,B635 
33,98,Y656 
33,100,B654
33,101,Y674 
33,102,R455 
33,103,B658 
33,106,B665 
33,108,R471
33,111,R478 
33,112,B688 
33,115,B703 
33,117,R498 
33,118,B707
33,119,Y799 
33,120,R510 
33,122,Y817 
33,123,R522 
33,125,Y835
33,126,R531 
34,1,Y12 
34,2,R99 
34,3,B341 
34,4,Y30
34,7,Y48 
34,9,B360 
34,17,R149 
34,18,B392 
34,23,R176
34,24,B412 
34,25,Y173 
34,26,R180 
34,27,B419 
34,28,Y191
34,31,Y209 
34,34,Y227 
34,35,R213 
34,38,R222 
34,39,B463
34,52,Y352 
34,54,B509 
34,55,Y370 
34,56,R280 
34,58,Y388
34,60,B531 
34,62,R302 
34,65,R309 
34,71,R330 
34,72,B572
34,74,R339 
34,76,Y513 
34,78,B590 
34,79,Y531 
34,80,R359
34,82,Y549 
34,83,R373 
34,85,Y567 
34,86,R385 
34,87,B621
34,93,B638 
34,95,R417 
34,101,R434 
34,102,B670 
34,103,Y692
34,105,B683 
34,106,Y710 
34,107,R450 
34,109,Y728 
34,114,B709
34,117,B718 
34,120,B734 
34,125,R514 
35,2,B351 
35,7,R101
35,9,Y66 
35,10,R110 
35,11,B386 
35,12,Y84 
35,13,R123
35,15,Y102 
35,17,B403 
35,25,R164 
35,32,B455 
35,34,R195
35,36,Y245 
35,39,Y263 
35,42,Y281 
35,43,R220 
35,46,R229
35,49,R244 
35,50,B517 
35,52,R249 
35,58,R269 
35,59,B541
35,60,Y406 
35,62,B551 
35,63,Y424 
35,64,R292 
35,65,B561
35,66,Y442 
35,70,R312 
35,73,R321 
35,74,B591 
35,76,R331
35,79,R346 
35,82,R355 
35,87,Y585 
35,89,B645 
35,90,Y603
35,92,B659 
35,93,Y621 
35,98,B677 
35,103,R425 
35,104,B696
35,106,R429 
35,110,B715 
35,111,Y746 
35,113,B728 
35,114,Y764
35,115,R462 
35,117,Y782 
35,119,B749 
35,121,R486 
35,122,B754
35,125,B765 
36,3,R72 
36,4,B374 
36,6,R80 
36,9,R91
36,10,B395 
36,16,B420 
36,17,Y120 
36,18,R122 
36,20,Y138
36,21,R136 
36,23,Y156 
36,24,R142 
36,25,B448 
36,26,Y174
36,27,R158 
36,28,B457 
36,30,R160 
36,33,R170 
36,34,B482
36,39,R194 
36,42,R208 
36,44,Y299 
36,47,Y317 
36,50,Y335
36,55,B547 
36,58,B554 
36,60,R264 
36,66,R281 
36,68,Y460
36,71,Y478 
36,73,B611 
36,74,Y496 
36,77,Y514 
36,81,R336
36,82,B640 
36,84,R342 
36,85,B651 
36,88,B655 
36,90,R362
36,95,Y639 
36,97,B686 
36,98,Y657 
36,101,Y675 
36,109,B729
36,111,R432 
36,112,B736 
36,118,B758 
36,119,Y800 
36,121,B770
36,122,Y818 
36,124,B781 
36,125,Y836 
36,126,R484 
37,1,Y13
37,4,Y31 
37,5,R60 
37,7,Y49 
37,8,R78 
37,10,Y67
37,11,R84 
37,12,B425 
37,14,R96 
37,18,B442 
37,20,R112
37,23,R126 
37,26,R130 
37,27,B475 
37,28,Y192 
37,31,Y210
37,32,R150 
37,34,Y228 
37,35,R163 
37,41,R181 
37,42,B518
37,45,B532 
37,47,R200 
37,52,Y353 
37,55,Y371 
37,57,B575
37,58,Y389 
37,61,Y407 
37,63,B594 
37,66,B605 
37,75,B628
37,77,R301 
37,79,Y532 
37,82,Y550 
37,85,Y568 
37,86,R337
37,87,B667 
37,90,B682 
37,93,B695 
37,101,R382 
37,103,Y693
37,105,B727 
37,106,Y711 
37,108,B745 
37,109,Y729 
37,110,R414
37,111,B747 
37,112,Y747 
37,113,R421 
37,116,R436 
37,117,B767
37,119,R441 
37,120,B778 
37,123,B790 
37,125,R468 
38,4,R46
38,5,B417 
38,7,R54 
38,11,B433 
38,12,Y85 
38,14,B444
38,15,Y103 
38,18,Y121 
38,25,R111 
38,26,B486 
38,31,R132
38,32,B503 
38,34,R143 
38,35,B516 
38,36,Y246 
38,38,B523
38,39,Y264 
38,42,Y282 
38,49,R196 
38,50,B566 
38,56,B580
38,58,R221 
38,59,B596 
38,62,B601 
38,63,Y425 
38,64,R248
38,65,B613 
38,66,Y443 
38,67,R259 
38,68,B620 
38,69,Y461
38,74,B647 
38,77,B650 
38,79,R299 
38,85,R318 
38,87,Y586
38,89,B693 
38,90,Y604 
38,92,B700 
38,93,Y622 
38,95,B710
38,97,R351 
38,100,R363 
38,101,B735 
38,103,R371 
38,104,B741
38,107,B751 
38,110,B762 
38,113,B771 
38,114,Y765 
38,115,R413
38,116,B780 
38,117,Y783 
38,119,B797 
38,120,Y801 
38,121,R439
38,122,B800 
38,124,R448 
38,125,B813 
38,127,R452 
39,2,Y14
39,3,R29 
39,4,B424 
39,6,R32 
39,12,R53 
39,13,B461
39,15,R68 
39,18,R73 
39,20,Y139 
39,22,B490 
39,23,Y157
39,24,R93 
39,25,B498 
39,26,Y175 
39,30,R117 
39,31,B521
39,37,B536 
39,39,R147 
39,44,Y300 
39,45,R168 
39,46,B563
39,47,Y318 
39,48,R175 
39,49,B576 
39,50,Y336 
39,51,R186
39,52,B582 
39,53,Y354 
39,54,R191 
39,55,B597 
39,57,R206
39,60,R211 
39,64,B626 
39,66,R240 
39,70,B649 
39,71,Y479
39,73,B653 
39,74,Y497 
39,77,Y515 
39,79,B675 
39,82,B691
39,84,R291 
39,85,B701 
39,90,R313 
39,91,B714 
39,95,Y640
39,97,B733 
39,98,Y658 
39,100,B750 
39,101,Y676 
39,102,R353
39,104,Y694 
39,105,R369 
39,106,B769 
39,109,B772 
39,115,B801
39,117,R403 
39,118,B807 
39,121,B817 
39,122,Y819 
39,124,B831
39,125,Y837 
39,127,B839 
40,2,R5 
40,4,Y32 
40,5,R17
40,6,B451 
40,7,Y50 
40,8,R24 
40,10,Y68 
40,11,R37
40,14,R44 
40,20,R70 
40,23,R77 
40,26,R86 
40,28,Y193
40,29,R97 
40,31,Y211 
40,34,Y229 
40,35,R113 
40,36,B546
40,37,Y247 
40,38,R128 
40,42,B567 
40,44,R146 
40,47,R153
40,50,R169 
40,51,B598 
40,53,R172 
40,54,B610 
40,55,Y372
40,56,R185 
40,58,Y390 
40,59,R193 
40,61,Y408 
40,62,R202
40,75,B678 
40,77,R256 
40,78,B685 
40,79,Y533 
40,81,B697
40,82,Y551 
40,83,R279 
40,84,B708 
40,85,Y569 
40,86,R286
40,88,Y587 
40,90,B725 
40,93,B738 
40,99,B761 
40,101,R333
40,106,Y712 
40,107,R352 
40,108,B786 
40,109,Y730 
40,110,R367
40,111,B795 
40,112,Y748 
40,114,B808 
40,117,B816 
40,126,B848
41,5,B464 
41,7,R3 
41,8,B471 
41,10,R12 
41,12,Y86
41,13,R28 
41,15,Y104 
41,18,Y122 
41,22,R52 
41,23,B526
41,28,R74 
41,29,B538 
41,31,R82 
41,32,B550 
41,37,R104
41,39,Y265 
41,40,R120 
41,42,Y283 
41,44,B588 
41,45,Y301
41,46,R135 
41,49,R145 
41,52,R155 
41,53,B618 
41,56,B634
41,59,B639 
41,61,R183 
41,63,Y426 
41,64,R201 
41,65,B661
41,66,Y444 
41,68,B669 
41,69,Y462 
41,71,B679 
41,74,B690
41,76,R232 
41,77,B702 
41,79,R243 
41,80,B713 
41,82,R255
41,83,B722 
41,85,R265 
41,88,R273 
41,89,B739 
41,90,Y605
41,91,R283 
41,93,Y623 
41,95,B759 
41,96,Y641 
41,97,R304
41,98,B775 
41,100,R317 
41,103,R325 
41,104,B789 
41,107,B798
41,109,R349 
41,113,B826 
41,114,Y766 
41,115,R365 
41,117,Y784
41,118,R372 
41,119,B844 
41,120,Y802 
41,121,R388 
41,124,R400
42,2,Y15 
42,10,B497 
42,12,R7 
42,15,R14 
42,18,R27
42,20,Y140 
42,21,R39 
42,23,Y158 
42,24,R43 
42,25,B542
42,26,Y176 
42,27,R61 
42,29,Y194 
42,30,R63 
42,36,R83
42,42,R105 
42,46,B617 
42,47,Y319 
42,50,Y337 
42,51,R138
42,53,Y355 
42,54,R144 
42,61,B662 
42,63,R174 
42,64,B674
42,66,R190 
42,67,B681 
42,71,Y480 
42,74,Y498 
42,75,R214
42,76,B711 
42,77,Y516 
42,78,R228 
42,79,B723 
42,80,Y534
42,81,R236 
42,84,R247 
42,85,B744 
42,87,R257 
42,88,B753
42,91,B763 
42,97,B782 
42,98,Y659 
42,99,R297 
42,101,Y677
42,103,B806 
42,104,Y695 
42,105,R320 
42,106,B811 
42,108,R323
42,109,B822 
42,111,R334 
42,112,B837 
42,118,B851 
42,122,Y820
42,125,Y838 
43,4,Y33 
43,7,Y51 
43,10,Y69 
43,13,Y87
43,20,R15 
43,23,R30 
43,24,B555 
43,26,R33 
43,29,R47
43,30,B577 
43,31,Y212 
43,32,R62 
43,34,Y230 
43,35,R64
43,37,Y248 
43,41,R92 
43,44,R94 
43,45,B624 
43,48,B637
43,50,R121 
43,53,R124 
43,54,B656 
43,55,Y373 
43,56,R134
43,57,B671 
43,58,Y391 
43,60,B676 
43,61,Y409 
43,64,Y427
43,66,B694 
43,69,B706 
43,71,R188 
43,72,B716 
43,75,B731
43,77,R205 
43,82,Y552 
43,83,R227 
43,84,B755 
43,85,Y570
43,86,R233 
43,88,Y588 
43,89,R246 
43,92,R261 
43,93,B792
43,95,R271 
43,96,B796 
43,98,R276 
43,102,B819 
43,104,R298
43,105,B825 
43,106,Y713 
43,107,R307 
43,108,B834 
43,109,Y731
43,112,Y749 
43,113,R329 
43,115,Y767 
44,15,Y105 
44,18,Y123
44,21,Y141 
44,26,B583 
44,28,R25 
44,29,B587 
44,31,R40
44,32,B604 
44,34,R48 
44,35,B607 
44,38,B625 
44,39,Y266
44,41,B633 
44,42,Y284 
44,44,B641 
44,45,Y302 
44,47,B648
44,52,R107 
44,56,B684 
44,59,B687 
44,61,R141 
44,66,Y445
44,68,B719 
44,69,Y463 
44,72,Y481 
44,73,R178 
44,83,B768
44,86,B777 
44,88,R230 
44,89,B793 
44,90,Y606 
44,91,R234
44,92,B805 
44,93,Y624 
44,95,B812 
44,96,Y642 
44,97,R254
44,100,R266 
44,101,B827 
44,106,R290 
44,107,B847 
44,117,Y785
44,120,Y803 
44,123,Y821 
45,2,Y16 
45,5,Y34 
45,23,Y159
45,24,R0 
45,26,Y177 
45,29,Y195 
45,30,R18 
45,33,R26
45,34,B619 
45,36,R42 
45,37,B629 
45,39,R50 
45,40,B646
45,42,R57 
45,45,R66 
45,46,B666 
45,47,Y320 
45,49,B672
45,50,Y338 
45,51,R88 
45,53,Y356 
45,54,R103 
45,55,B689
45,56,Y374 
45,57,R108 
45,58,B705 
45,60,R115 
45,63,R131
45,64,B721 
45,70,B740 
45,72,R154 
45,74,Y499 
45,75,R166
45,76,B764 
45,77,Y517 
45,78,R177 
45,80,Y535 
45,82,B783
45,85,B791 
45,88,B803 
45,90,R223 
45,93,R231 
45,94,B821
45,96,R235 
45,97,B835 
45,98,Y660 
45,99,R245 
45,100,B840
45,101,Y678 
45,103,B849 
45,104,Y696 
45,105,R270 
45,107,Y714
45,125,Y839 
46,7,Y52 
46,10,Y70 
46,13,Y88 
46,30,B623
46,31,Y213 
46,32,R9 
46,34,Y231 
46,35,R16 
46,37,Y249
46,40,Y267 
46,41,R35 
46,45,B673 
46,47,R56 
46,50,R65
46,53,R75 
46,56,R85 
46,58,Y392 
46,59,R102 
46,60,B730
46,61,Y410 
46,63,B732 
46,64,Y428 
46,68,R129 
46,69,B760
46,71,R140 
46,74,R151 
46,77,R162 
46,78,B785 
46,80,R167
46,82,Y553 
46,85,Y571 
46,87,B814 
46,88,Y589 
46,89,R199
46,91,Y607 
46,92,R210 
46,93,B838 
46,95,R219 
46,96,B842
46,98,R226 
46,109,Y732 
46,112,Y750 
46,115,Y768 
47,15,Y106
47,18,Y124 
47,21,Y142 
47,34,R4 
47,37,R8 
47,42,Y285
47,43,R31 
47,44,B692 
47,45,Y303 
47,48,Y321 
47,52,R55
47,53,B720 
47,56,B726 
47,58,R79 
47,61,R90 
47,62,B746
47,64,R95 
47,65,B756 
47,66,Y446 
47,67,R106 
47,69,Y464
47,70,R116 
47,72,Y482 
47,73,R133 
47,76,R137 
47,80,B809
47,82,R157 
47,83,B820 
47,85,R165 
47,92,B845 
47,93,Y625
47,96,Y643 
47,99,Y661 
47,117,Y786 
47,120,Y804 
47,123,Y822
48,2,Y17 
48,5,Y35 
48,23,Y160 
48,26,Y178 
48,29,Y196
48,32,Y214 
48,42,R10 
48,43,B699 
48,45,R21 
48,46,B712
48,49,B724 
48,50,Y339 
48,53,Y357 
48,55,B743 
48,56,Y375
48,58,B748 
48,60,R69 
48,63,R76 
48,64,B773 
48,67,B779
48,69,R100 
48,70,B788 
48,72,R114 
48,73,B802 
48,74,Y500
48,75,R118 
48,76,B810 
48,77,Y518 
48,78,R127 
48,79,B823
48,80,Y536 
48,82,B832 
48,83,Y554 
48,88,B852 
48,90,R171
48,101,Y679 
48,104,Y697 
48,107,Y715 
48,125,Y840 
49,7,Y53
49,10,Y71 
49,13,Y89 
49,16,Y107 
49,34,Y232 
49,37,Y250
49,40,Y268 
49,42,B717 
49,47,R13 
49,48,B737 
49,50,R23
49,51,B742 
49,53,R34 
49,54,B752 
49,56,R41 
49,58,Y393
49,59,R49 
49,60,B774 
49,61,Y411 
49,62,R59 
49,63,B784
49,64,Y429 
49,67,Y447 
49,68,R81 
49,71,R87 
49,75,B828
49,77,R109 
49,78,B833 
49,80,R119 
49,85,Y572 
49,88,Y590
49,91,Y608 
49,109,Y733 
49,112,Y751 
49,115,Y769 
49,118,Y787
50,18,Y125 
50,21,Y143 
50,24,Y161 
50,42,Y286 
50,45,Y304
50,48,Y322 
50,49,R1 
50,50,B757 
50,53,B766 
50,55,R19
50,56,B776 
50,59,B787 
50,61,R38 
50,62,B794 
50,64,R51
50,65,B804 
50,67,R58 
50,69,Y465 
50,70,R67 
50,71,B824
50,72,Y483 
50,74,B836 
50,75,Y501 
50,76,R89 
50,79,R98
50,93,Y626 
50,96,Y644 
50,99,Y662 
50,120,Y805 
50,123,Y823
50,126,Y841 
51,2,Y18 
51,5,Y36 
51,8,Y54 
51,26,Y179
51,29,Y197 
51,32,Y215 
51,50,Y340 
51,53,Y358 
51,56,Y376
51,58,B799 
51,59,Y394 
51,60,R22 
51,61,B815 
51,64,B818
51,67,B829 
51,70,B841 
51,73,B846 
51,75,R71 
51,77,Y519
51,80,Y537 
51,83,Y555 
51,101,Y680 
51,104,Y698 
51,107,Y716
51,110,Y734 
52,59,R2 
52,62,R11 
52,63,B830 
52,65,R20
52,66,B843 
52,68,R36 
52,71,R45 
53,62,B850 
53,64,R6
53,65,B853
